<?xml version="1.0" encoding="UTF-8"?>
<beans xmlns="http://www.springframework.org/schema/beans"
       xmlns:context="http://www.springframework.org/schema/context"
       xmlns:p="http://www.springframework.org/schema/p"
       xmlns:aop="http://www.springframework.org/schema/aop"
       xmlns:tx="http://www.springframework.org/schema/tx"
       xmlns:xsi="http://www.w3.org/2001/XMLSchema-instance"
       xsi:schemaLocation="http://www.springframework.org/schema/beans
							http://www.springframework.org/schema/beans/spring-beans-4.2.xsd">

    <!--数据源-->
    <bean id="dataSource"
          class="com.alibaba.druid.pool.DruidDataSource" destroy-method="close">
        <property name="username" value="root" />
        <property name="password" value="123456" />
        <property name="driverClassName" value="com.mysql.jdbc.Driver" />
        <property name="url" value="jdbc:mysql://localhost:3306/flood?characterEncoding=UTF-8" />
    </bean>
    <!--spring和mybatis整合的工厂bean-->
    <bean id="sqlSessionFactory" class="org.mybatis.spring.SqlSessionFactoryBean">
        <property name="dataSource" ref="dataSource" />
        <property name="configLocation" value="classpath:SqlMapConfig.xml" />
    </bean>
    <!--批量扫描接口生成代理对象-->
    <bean class="org.mybatis.spring.mapper.MapperScannerConfigurer">
        <!--指定接口所在的包-->
        <property name="basePackage" value="club.hongshui.Dao" />
    </bean>
</beans>