{
  "id": "",
  "name": "",
  "font_family": "iconfont",
  "css_prefix_text": "icon-",
  "description": "",
  "glyphs": [
    {
      "icon_id": "2116687",
      "name": "水闸",
      "font_class": "shuizha",
      "unicode": "e62d",
      "unicode_decimal": 58925
    },
    {
      "icon_id": "2167152",
      "name": "雨量站",
      "font_class": "yuliangzhan",
      "unicode": "e636",
      "unicode_decimal": 58934
    },
    {
      "icon_id": "17605491",
      "name": "首页",
      "font_class": "shouye",
      "unicode": "e818",
      "unicode_decimal": 59416
    },
    {
      "icon_id": "17986427",
      "name": "雨量站",
      "font_class": "yuliangzhan1",
      "unicode": "e70b",
      "unicode_decimal": 59147
    },
    {
      "icon_id": "21014537",
      "name": "河道水情",
      "font_class": "hedaoshuiqing",
      "unicode": "e638",
      "unicode_decimal": 58936
    },
    {
      "icon_id": "26805957",
      "name": "河湖流量监测点",
      "font_class": "hehuliuliangjiancedian",
      "unicode": "e7e8",
      "unicode_decimal": 59368
    },
    {
      "icon_id": "31425934",
      "name": "分享",
      "font_class": "fenxiang",
      "unicode": "e60e",
      "unicode_decimal": 58894
    },
    {
      "icon_id": "31425935",
      "name": "发起",
      "font_class": "faqi",
      "unicode": "e60f",
      "unicode_decimal": 58895
    },
    {
      "icon_id": "31425936",
      "name": "发起管理",
      "font_class": "faqiguanli",
      "unicode": "e610",
      "unicode_decimal": 58896
    },
    {
      "icon_id": "31425938",
      "name": "个人信息",
      "font_class": "gerenxinxi",
      "unicode": "e611",
      "unicode_decimal": 58897
    },
    {
      "icon_id": "31425941",
      "name": "更多",
      "font_class": "gengduo",
      "unicode": "e612",
      "unicode_decimal": 58898
    },
    {
      "icon_id": "31425943",
      "name": "关闭",
      "font_class": "guanbi",
      "unicode": "e613",
      "unicode_decimal": 58899
    },
    {
      "icon_id": "31425944",
      "name": "待办",
      "font_class": "daiban",
      "unicode": "e614",
      "unicode_decimal": 58900
    },
    {
      "icon_id": "31425945",
      "name": "更多_1",
      "font_class": "gengduo_1",
      "unicode": "e615",
      "unicode_decimal": 58901
    },
    {
      "icon_id": "31425946",
      "name": "安全管理",
      "font_class": "anquanguanli",
      "unicode": "e616",
      "unicode_decimal": 58902
    },
    {
      "icon_id": "31425948",
      "name": "加",
      "font_class": "jia",
      "unicode": "e617",
      "unicode_decimal": 58903
    }
  ]
}
